<?xml version='1.0' encoding='UTF-8'?>
<!DOCTYPE hibernate-configuration PUBLIC
          "-//Hibernate/Hibernate Configuration DTD 3.0//EN"
          "http://hibernate.sourceforge.net/hibernate-configuration-3.0.dtd">
<!-- Generated by MyEclipse Hibernate Tools.                   -->
<hibernate-configuration>

	<session-factory>
		<property name="dialect">
			org.hibernate.dialect.MySQLDialect
		</property>
		<property name="connection.url">
			jdbc:mysql://127.0.0.1:3306/myweb_java_db?characterEncoding=UTF-8
		</property>
		<property name="connection.username">root</property>
		<property name="connection.password">orcl</property>
		<property name="connection.driver_class">
			com.mysql.jdbc.Driver
		</property>
		<property name="show_sql">true</property>
		<property name="format_sql">true</property>
		<property name="current_session_context_class">thread</property>
		<mapping resource="org/web/entity/Login.hbm.xml" />
		<mapping resource="org/web/entity/Msgcontent.hbm.xml" />
		<mapping resource="org/web/entity/Logininfo.hbm.xml" />

	</session-factory>

</hibernate-configuration>