<?xml version="1.0" encoding="utf-8"?>
<!DOCTYPE hibernate-mapping PUBLIC "-//Hibernate/Hibernate Mapping DTD 3.0//EN"
"http://hibernate.sourceforge.net/hibernate-mapping-3.0.dtd">
<!-- 
    Mapping file autogenerated by MyEclipse Persistence Tools
-->
<hibernate-mapping>
    <class name="org.web.entity.Login" table="login" catalog="myweb_java_db">
        <id name="loginid" type="java.lang.Integer">
            <column name="loginid" />
            <generator class="native" />
        </id>
        <property name="phone" type="java.lang.String">
            <column name="phone" length="100" not-null="true" />
        </property>
        <property name="password" type="java.lang.String">
            <column name="password" length="100" not-null="true" />
        </property>
        <property name="creatdate" type="java.lang.String">
            <column name="creatdate" length="100" not-null="true" />
        </property>
    </class>
</hibernate-mapping>
