<?xml version="1.0" encoding="utf-8"?>
<!DOCTYPE hibernate-mapping PUBLIC "-//Hibernate/Hibernate Mapping DTD 3.0//EN"
"http://hibernate.sourceforge.net/hibernate-mapping-3.0.dtd">
<!-- 
    Mapping file autogenerated by MyEclipse Persistence Tools
-->
<hibernate-mapping>
    <class name="org.web.entity.Logininfo" table="logininfo" catalog="myweb_java_db">
        <id name="infoid" type="java.lang.Integer">
            <column name="infoid" />
            <generator class="native" />
        </id>
        <property name="infophone" type="java.lang.String">
            <column name="infophone" length="20" not-null="true" />
        </property>
        <property name="infodata" type="java.lang.String">
            <column name="infodata" length="100" not-null="true" />
        </property>
    </class>
</hibernate-mapping>
