<?xml version="1.0" encoding="utf-8"?>
<!DOCTYPE hibernate-mapping PUBLIC "-//Hibernate/Hibernate Mapping DTD 3.0//EN"
"http://hibernate.sourceforge.net/hibernate-mapping-3.0.dtd">
<!-- 
    Mapping file autogenerated by MyEclipse Persistence Tools
-->
<hibernate-mapping>
    <class name="org.web.entity.Msgcontent" table="msgcontent" catalog="myweb_java_db">
        <id name="messageid" type="java.lang.Integer">
            <column name="messageid" />
            <generator class="native" />
        </id>
        <property name="loginphone" type="java.lang.String">
            <column name="loginphone" length="20" not-null="true" />
        </property>
        <property name="messagetext" type="java.lang.String">
            <column name="messagetext" length="20000" not-null="true" />
        </property>
        <property name="messagedate" type="java.lang.String">
            <column name="messagedate" length="100" not-null="true" />
        </property>
    </class>
</hibernate-mapping>
